{
  "titleId": "PPSA24056",
  "conceptId": "10011530",
  "versionFileUri": "https://agst.prod.dl.playstation.net/agst/prod/00/sp-int/PPSA24056_00/7b8ccc4a-4724-4b26-9b63-27836c38b0cd-version.xml",
  "contentBadgeType": 1,
  "ageLevel": {
    "DE": 12,
    "HK": 3,
    "PT": 3,
    "HN": 10,
    "DK": 3,
    "LU": 3,
    "PY": 10,
    "HR": 3,
    "UA": 3,
    "HU": 3,
    "QA": 3,
    "ID": 3,
    "IE": 3,
    "EC": 10,
    "US": 10,
    "IL": 3,
    "AE": 3,
    "UY": 10,
    "IN": 3,
    "MT": 3,
    "ZA": 3,
    "IS": 3,
    "IT": 3,
    "MX": 10,
    "MY": 3,
    "ES": 3,
    "AR": 10,
    "AT": 3,
    "AU": 3,
    "NI": 10,
    "RO": 3,
    "NL": 3,
    "NO": 3,
    "BE": 3,
    "FI": 3,
    "RU": 16,
    "BG": 3,
    "BH": 3,
    "JP": 3,
    "FR": 3,
    "NZ": 3,
    "BO": 10,
    "SA": 3,
    "BR": 10,
    "SE": 3,
    "default": 16,
    "SG": 3,
    "SI": 3,
    "SK": 3,
    "GB": 3,
    "CA": 10,
    "OM": 3,
    "SV": 10,
    "CH": 3,
    "KR": 6,
    "CL": 10,
    "GR": 3,
    "CO": 10,
    "KW": 3,
    "GT": 10,
    "CR": 10,
    "PA": 10,
    "TH": 3,
    "PE": 10,
    "CY": 3,
    "LB": 3,
    "CZ": 3,
    "PL": 3,
    "TR": 3
  }
}